node1,node2,hsa_id_node1,hsa_id_node2,coexpression_score
CD74,HLA-DMA,hsa:972,hsa:3108 hsa:3109 hsa:3111 hsa:3112 hsa:3113 hsa:3115 hsa:3117 hsa:3118 hsa:3119 hsa:3120 hsa:3122 hsa:3123 hsa:3125 hsa:3126 hsa:3127,611
CD3E,CD4,hsa:916,hsa:920 hsa:925 hsa:926 hsa:927,413
LCP2,TYROBP,hsa:3937,hsa:7305,425
LCP2,PTPRC,hsa:3937,hsa:5788,733
LCP2,SPI1,hsa:3937,hsa:6688,419
CSF2RB,LCP2,hsa:1439 hsa:149233 hsa:2057 hsa:3454 hsa:3455 hsa:3459 hsa:3460 hsa:3559 hsa:3560 hsa:3561 hsa:3563 hsa:3566 hsa:3568 hsa:3570 hsa:3572 hsa:3575 hsa:3594 hsa:3595 hsa:3597 hsa:3601,hsa:3937,422
ITGB2,LCP2,hsa:3689,hsa:3937,425
DCN,PDGFRA,hsa:1634,hsa:5156,720
DCN,LUM,hsa:1634,hsa:4060,781
TNFRSF13B,TNFRSF17,hsa:23495,hsa:608,419
CD79A,TNFRSF17,hsa:973,hsa:608,429
CD38,TNFRSF17,hsa:952,hsa:608,428
HSPA5,UTS2,hsa:3309,hsa:10911 hsa:257313,634
CD19,CD22,hsa:930,hsa:933,521
CD22,CD79B,hsa:933,hsa:974,446
BLK,CD22,hsa:640,hsa:933,535
CD22,CD79A,hsa:933,hsa:973,501
CD22,FCER2,hsa:933,hsa:2208,443
CD22,CD72,hsa:933,hsa:971,478
CD22,CXCR5,hsa:933,hsa:643,453
OTUD5,WIPI2,hsa:55593,hsa:26100 hsa:55062,460
LTBR,TNFRSF1A,hsa:4055,hsa:7132 hsa:7133,414
GZMB,TBX21,hsa:3002,hsa:30009,477
FASLG,TBX21,hsa:356,hsa:30009,488
IL2RB,TBX21,hsa:3560 hsa:3561,hsa:30009,446
COL1A1,FAP,hsa:1277 hsa:1278,hsa:11146,461
JUN,PPP1R15A,hsa:3725 hsa:5599 hsa:5601 hsa:5602,hsa:23645,478
DUSP1,PPP1R15A,hsa:1843,hsa:23645,427
FOSB,PPP1R15A,hsa:2354,hsa:23645,487
CDC6,CDK1,hsa:990,hsa:983,467
CDC6,RAD51,hsa:990,hsa:5888,478
CCNB1,CDC6,hsa:891,hsa:990,414
BUB1,CDC6,hsa:699,hsa:990,424
CDC6,DTL,hsa:990,hsa:10673,766
CDC6,TTK,hsa:990,hsa:7272,429
BIRC5,CDC6,hsa:332,hsa:990,418
CDC6,CHEK1,hsa:990,hsa:1111,431
CDC6,CDCA5,hsa:990,hsa:113130,446
CDC25A,CDC6,hsa:993 hsa:994 hsa:995,hsa:990,434
BUB1B,CDC6,hsa:701,hsa:990,451
FLNA,VCL,hsa:2316,hsa:7414,448
TPM1,VCL,hsa:7168,hsa:7414,417
F2,SERPIND1,hsa:8458,hsa:3053 hsa:462 hsa:5104 hsa:5270,449
ACTN4,MYH9,hsa:81 hsa:87,hsa:4627 hsa:4628 hsa:4629 hsa:79784,404
MYH9,TLN1,hsa:4627 hsa:4628 hsa:4629 hsa:79784,hsa:7094 hsa:83660,707
CAP1,MYH9,hsa:7187 hsa:7188,hsa:4627 hsa:4628 hsa:4629 hsa:79784,425
MYH9,MYL12B,hsa:4627 hsa:4628 hsa:4629 hsa:79784,hsa:103910 hsa:10627,663
IL2RB,ITK,hsa:3560 hsa:3561,hsa:3702 hsa:7294,428
CD247,IL2RB,hsa:919,hsa:3560 hsa:3561,771
CD8A,IL2RB,hsa:925 hsa:926 hsa:927,hsa:3560 hsa:3561,453
CD2,IL2RB,hsa:914,hsa:3560 hsa:3561,652
IL2RB,TIGIT,hsa:3560 hsa:3561,hsa:201633,417
GZMB,IL2RB,hsa:3002,hsa:3560 hsa:3561,774
FASLG,IL2RB,hsa:356,hsa:3560 hsa:3561,538
CTSG,MPO,hsa:1511,hsa:4353,781
CAMP,CTSG,hsa:820,hsa:1511,409
FASLG,GZMB,hsa:356,hsa:3002,524
CD2,GZMB,hsa:914,hsa:3002,611
CD247,GZMB,hsa:919,hsa:3002,631
CD8A,GZMB,hsa:925 hsa:926 hsa:927,hsa:3002,452
BDKRB1,BDKRB2,hsa:623 hsa:624,hsa:624,430
NFKBIA,NFKBIZ,hsa:4792 hsa:4793 hsa:4794,hsa:64332,436
NFKBIA,TNFAIP3,hsa:4792 hsa:4793 hsa:4794,hsa:7128,496
AURKA,CDK1,hsa:6790,hsa:983,665
AURKA,MAD2L1,hsa:6790,hsa:4085,435
AURKA,KIF23,hsa:6790,hsa:9493,516
AURKA,HMMR,hsa:6790,hsa:3161,780
AURKA,BUB1,hsa:6790,hsa:699,778
AURKA,CCNB1,hsa:6790,hsa:891,783
AURKA,CDC20,hsa:6790,hsa:991,768
AURKA,CCNB2,hsa:6790,hsa:9133,778
AURKA,GTSE1,hsa:6790,hsa:51512,478
AURKA,BIRC5,hsa:6790,hsa:332,632
AURKA,TTK,hsa:6790,hsa:7272,527
AURKA,CDCA5,hsa:6790,hsa:113130,631
AURKA,CHEK1,hsa:6790,hsa:1111,431
AURKA,PLK1,hsa:6790,hsa:5347,482
AURKA,BUB1B,hsa:6790,hsa:701,625
AURKA,CDC25C,hsa:6790,hsa:995,620
F9,HRG,hsa:2158,hsa:3084,419
MEFV,NLRP12,hsa:4210,hsa:91662,643
EIF2S1,EIF3E,hsa:1965,hsa:3646,430
EIF3E,RPS27A,hsa:3646,hsa:6233 hsa:7311 hsa:7314 hsa:7316,404
EIF3E,RPS3,hsa:3646,hsa:6188,622
EIF3E,RACK1,hsa:3646,hsa:10399,630
EIF3E,RPS6,hsa:3646,hsa:6194,450
EEF1A1,EIF3E,hsa:1915 hsa:1917,hsa:3646,467
NEFL,NEFM,hsa:4747,hsa:4741,765
CCR3,CLC,hsa:1232,hsa:23529,700
CD79A,CXCR5,hsa:973,hsa:643,433
CD72,CD79A,hsa:971,hsa:973,421
CD27,CD79A,hsa:939,hsa:973,452
BANK1,CD79A,hsa:55024,hsa:973,402
CD79A,CD79B,hsa:973,hsa:974,774
BLK,CD79A,hsa:640,hsa:973,707
CD19,CD79A,hsa:930,hsa:973,784
APOC3,SULT2A1,hsa:345,hsa:6822,436
MCL1,NAMPT,hsa:4170,hsa:10135,423
P2RX1,SPI1,hsa:5023,hsa:6688,418
CCL2,CCL8,hsa:6347,hsa:6355,766
CCL2,CCL7,hsa:6347,hsa:6354,459
CCL13,CCL8,hsa:6357,hsa:6355,495
COL1A1,LUM,hsa:1277 hsa:1278,hsa:4060,467
IFIH1,LAP3,hsa:64135,hsa:7852,560
IFIT1,LAP3,hsa:3434 hsa:439996,hsa:7852,433
LAP3,RSAD2,hsa:7852,hsa:91543,532
LAP3,STAT1,hsa:7852,hsa:6772 hsa:6773 hsa:6775 hsa:6776 hsa:6777 hsa:6778,770
LAP3,OAS1,hsa:7852,hsa:4938 hsa:4939 hsa:4940,463
CXCL10,LAP3,hsa:3627,hsa:7852,435
ISG15,LAP3,hsa:9636,hsa:7852,494
CXCL1,CXCL6,hsa:2919 hsa:2920 hsa:2921,hsa:6372 hsa:6374,773
IL2,IL3,hsa:3558 hsa:3565 hsa:3574 hsa:3578 hsa:3600 hsa:59067 hsa:85480,hsa:3562,522
SPI1,TYROBP,hsa:6688,hsa:7305,796
C5AR1,SPI1,hsa:728,hsa:6688,411
GPSM3,SPI1,hsa:63940,hsa:6688,409
CYBB,SPI1,hsa:1536 hsa:27035 hsa:50507,hsa:6688,479
FGR,SPI1,hsa:2268 hsa:3055 hsa:4067 hsa:6714,hsa:6688,478
BTK,SPI1,hsa:695 hsa:7006,hsa:6688,504
CD86,SPI1,hsa:942,hsa:6688,419
HCK,SPI1,hsa:3055 hsa:4067,hsa:6688,501
CSF3R,SPI1,hsa:1441,hsa:6688,428
ITGAM,SPI1,hsa:3684,hsa:6688,461
SPI1,WAS,hsa:6688,hsa:7454,460
FCER1G,SPI1,hsa:2207,hsa:6688,437
CSF2RB,SPI1,hsa:1439 hsa:149233 hsa:2057 hsa:3454 hsa:3455 hsa:3459 hsa:3460 hsa:3559 hsa:3560 hsa:3561 hsa:3563 hsa:3566 hsa:3568 hsa:3570 hsa:3572 hsa:3575 hsa:3594 hsa:3595 hsa:3597 hsa:3601,hsa:6688,487
ITGB2,SPI1,hsa:3689,hsa:6688,450
APOC3,SERPINC1,hsa:345,hsa:462 hsa:5104,780
APOC3,FABP1,hsa:345,hsa:2168,628
APOC3,F2,hsa:345,hsa:8458,774
APOA2,APOC3,hsa:336,hsa:345,778
APOA1,APOC3,hsa:335,hsa:345,813
APOA5,APOC3,hsa:116519,hsa:345,420
APOC3,SLC2A2,hsa:345,hsa:6514,494
APOC3,FGA,hsa:345,hsa:2243 hsa:2244 hsa:2266,432
IL10RA,TYROBP,hsa:3587 hsa:3588,hsa:7305,471
CD2,IL10RA,hsa:914,hsa:3587 hsa:3588,443
CCR5,IL10RA,hsa:1234,hsa:3587 hsa:3588,420
IL10RA,ITGAL,hsa:3587 hsa:3588,hsa:3683,409
FGR,IL10RA,hsa:2268 hsa:3055 hsa:4067 hsa:6714,hsa:3587 hsa:3588,419
IL10RA,IRF8,hsa:3587 hsa:3588,hsa:3394,422
CD48,IL10RA,hsa:962,hsa:3587 hsa:3588,435
IL10RA,ITGB2,hsa:3587 hsa:3588,hsa:3689,427
MYL2,TRDN,hsa:4633,hsa:10345,419
CASQ1,MYL2,hsa:844 hsa:845,hsa:4633,486
MYL2,TNNC2,hsa:4633,hsa:7125 hsa:7134,478
MYL2,TNNC1,hsa:4633,hsa:7137,526
MYL2,MYL3,hsa:4633,hsa:4634,632
ATP2A1,MYL2,hsa:487 hsa:488 hsa:489,hsa:4633,523
FASLG,IFNG,hsa:356,hsa:3458,472
FBXO5,PLK4,hsa:26271,hsa:10733 hsa:10769 hsa:1263 hsa:5347,628
FBXO5,MAD2L1,hsa:26271,hsa:4085,763
CDK1,FBXO5,hsa:983,hsa:26271,661
FBXO5,TTK,hsa:26271,hsa:7272,413
CHEK1,FBXO5,hsa:1111,hsa:26271,453
EXOC2,MAP3K7,hsa:55770,hsa:6885,438
IL3,IL5,hsa:3562,hsa:3567,438
IL5,IL9,hsa:3567,hsa:3578,492
HRG,KNG1,hsa:3084,hsa:3827,654
HRG,PLG,hsa:3084,hsa:5340,478
EIF2AK2,STAT2,hsa:5610,hsa:6773 hsa:6775 hsa:6778,438
EIF2AK2,RIGI,hsa:5610,hsa:23586,520
EIF2AK2,IFIT1,hsa:5610,hsa:3434 hsa:439996,631
EIF2AK2,RSAD2,hsa:5610,hsa:91543,768
EIF2AK2,IFIH1,hsa:5610,hsa:64135,594
EIF2AK2,ISG15,hsa:5610,hsa:9636,763
EIF2AK2,RPS6,hsa:5610,hsa:6194,428
EIF2AK2,STAT1,hsa:5610,hsa:6772 hsa:6773 hsa:6775 hsa:6776 hsa:6777 hsa:6778,628
EIF2AK2,MX1,hsa:5610,hsa:4599 hsa:4600,623
EIF2AK2,OAS1,hsa:5610,hsa:4938 hsa:4939 hsa:4940,494
ADAR,EIF2AK2,hsa:103,hsa:5610,477
CLCA1,GCG,hsa:1179 hsa:22802 hsa:9635,hsa:2641,406
GALR1,OPRD1,hsa:2587 hsa:8484 hsa:8811,hsa:4985,445
APOA1,FGA,hsa:335,hsa:2243 hsa:2244 hsa:2266,407
APOA1,APOA2,hsa:335,hsa:336,784
AFP,APOA1,hsa:174,hsa:335,520
APOA1,F2,hsa:335,hsa:8458,775
APOA1,FABP1,hsa:335,hsa:2168,425
DUSP1,FOSB,hsa:1843,hsa:2354,507
DUSP1,EGR1,hsa:1843,hsa:1958,437
DUSP1,FOS,hsa:1843,hsa:2353 hsa:3725 hsa:6667,782
DUSP1,JUN,hsa:1843,hsa:3725 hsa:5599 hsa:5601 hsa:5602,456
EGR1,JUN,hsa:1958,hsa:3725 hsa:5599 hsa:5601 hsa:5602,770
EGR1,NR4A1,hsa:1958,hsa:3164,477
EGR1,EGR2,hsa:1958,hsa:1959,782
EGR1,FOS,hsa:1958,hsa:2353 hsa:3725 hsa:6667,780
EGR1,FOSB,hsa:1958,hsa:2354,777
ALYREF,TARDBP,hsa:10189,hsa:23435,663
SRSF3,TARDBP,hsa:6428 hsa:6432,hsa:23435,763
ELAVL1,TARDBP,hsa:1994,hsa:23435,724
PSME3,TARDBP,hsa:10197 hsa:5720 hsa:5721,hsa:23435,449
HNRNPK,TARDBP,hsa:3190,hsa:23435,767
RIGI,TNFSF10,hsa:23586,hsa:8743,419
EGR2,JUN,hsa:1959,hsa:3725 hsa:5599 hsa:5601 hsa:5602,426
EGR2,FOSB,hsa:1959,hsa:2354,652
EGR2,FOS,hsa:1959,hsa:2353 hsa:3725 hsa:6667,469
BHLHE41,SSPN,hsa:79365 hsa:8553,hsa:8082,475
AREG,EREG,hsa:374,hsa:2069,473
CXCL10,IRF1,hsa:3627,hsa:3659,409
IRF1,TAP1,hsa:3659,hsa:6890 hsa:6891,762
CD70,TNFSF9,hsa:970,hsa:8744,474
FOSB,JUN,hsa:2354,hsa:3725 hsa:5599 hsa:5601 hsa:5602,765
FOSB,NR4A1,hsa:2354,hsa:3164,594
FOSB,KLF4,hsa:2354,hsa:9314,404
FOS,FOSB,hsa:2353 hsa:3725 hsa:6667,hsa:2354,783
HCST,TYROBP,hsa:10870,hsa:7305,774
FGR,HCST,hsa:2268 hsa:3055 hsa:4067 hsa:6714,hsa:10870,423
FCER1G,HCST,hsa:2207,hsa:10870,459
HCST,ITGB2,hsa:10870,hsa:3689,457
CSF1R,HCST,hsa:1436,hsa:10870,455
HCST,ITGAL,hsa:10870,hsa:3683,433
HCST,LST1,hsa:10870,hsa:10599 hsa:115072896 hsa:28234 hsa:6579,437
CD48,HCST,hsa:962,hsa:10870,435
CCR7,LTA,hsa:1236,hsa:4049 hsa:7124,419
CCR7,CD48,hsa:1236,hsa:962,459
CCR7,CD27,hsa:1236,hsa:939,409
CCR7,LTB,hsa:1236,hsa:4050,478
CCR7,CD6,hsa:1236,hsa:923,432
CCR7,IL7R,hsa:1236,hsa:3575,431
CCR7,CD19,hsa:1236,hsa:930,417
CCR7,ITK,hsa:1236,hsa:3702 hsa:7294,425
CFP,LST1,hsa:5199,hsa:10599 hsa:115072896 hsa:28234 hsa:6579,481
CFP,HCK,hsa:5199,hsa:3055 hsa:4067,445
BAK1,TRAF2,hsa:578,hsa:10010,458
CYTH4,ITGAX,hsa:27128 hsa:9265 hsa:9266 hsa:9267,hsa:3687 hsa:3689,425
ITGB2,RAC2,hsa:3689,hsa:5880,498
GPSM3,RAC2,hsa:63940,hsa:5880,627
DHX58,ISG15,hsa:79132,hsa:9636,542
DHX58,OAS1,hsa:79132,hsa:4938 hsa:4939 hsa:4940,476
DHX58,MX1,hsa:79132,hsa:4599 hsa:4600,500
DHX58,RIGI,hsa:79132,hsa:23586,627
DHX58,IRF7,hsa:79132,hsa:3665,534
DHX58,IFIH1,hsa:79132,hsa:64135,509
DHX58,IFIT1,hsa:79132,hsa:3434 hsa:439996,449
DHX58,RSAD2,hsa:79132,hsa:91543,538
BST2,IRF7,hsa:684,hsa:3665,419
BST2,OAS1,hsa:684,hsa:4938 hsa:4939 hsa:4940,471
BST2,MX1,hsa:684,hsa:4599 hsa:4600,424
BST2,ISG15,hsa:684,hsa:9636,484
EXOC4,VPS39,hsa:60412,hsa:23339 hsa:27072 hsa:55823 hsa:57617 hsa:64601 hsa:65082,531
AFP,NTS,hsa:174,hsa:4922,431
NTS,TYR,hsa:4922,hsa:7299,489
CD36,FABP4,hsa:948,hsa:2167,517
FABP4,LPL,hsa:2167,hsa:4023,465
EIF2S1,PSMC1,hsa:1965,hsa:5700,523
EEF2,EIF2S1,hsa:1938,hsa:1965,404
EIF2S1,RUVBL1,hsa:1965,hsa:8607,418
EIF2S1,RPS3,hsa:1965,hsa:6188,663
EIF2S1,RACK1,hsa:1965,hsa:10399,663
EIF2S1,HSPA4,hsa:1965,hsa:3308,421
EEF1A1,EIF2S1,hsa:1915 hsa:1917,hsa:1965,503
EIF2S1,RPS6,hsa:1965,hsa:6194,622
BIRC5,CCNB1,hsa:332,hsa:891,773
CCNB1,TTK,hsa:891,hsa:7272,668
CCNB1,CHEK1,hsa:891,hsa:1111,406
CCNB1,CDCA5,hsa:891,hsa:113130,613
CCNB1,DTL,hsa:891,hsa:10673,487
BUB1,CCNB1,hsa:699,hsa:891,780
CCNB1,HMMR,hsa:891,hsa:3161,785
CCNB1,CDC20,hsa:891,hsa:991,784
CCNB1,SMC2,hsa:891,hsa:83452,474
CCNB1,CCNB2,hsa:891,hsa:9133,785
CCNB1,CKS1B,hsa:891,hsa:1163 hsa:1164,434
CCNB1,PLK1,hsa:891,hsa:5347,649
BUB1B,CCNB1,hsa:701,hsa:891,783
CCNB1,FANCI,hsa:891,hsa:55215,452
CCNB1,CDC25C,hsa:891,hsa:995,457
CCNB1,CDK1,hsa:891,hsa:983,784
CCNB1,KIF23,hsa:891,hsa:9493,625
CCNB1,MAD2L1,hsa:891,hsa:4085,724
CCNB1,PLK4,hsa:891,hsa:10733 hsa:10769 hsa:1263 hsa:5347,419
LAMTOR5,UBL5,hsa:10542 hsa:28956 hsa:389541 hsa:55004 hsa:8649,hsa:5300,480
LUM,PDGFRA,hsa:4060,hsa:5156,430
ESPL1,KIF23,hsa:9700,hsa:9493,473
ESPL1,POLQ,hsa:9700,hsa:51426,425
BUB1B,ESPL1,hsa:701,hsa:9700,433
ESPL1,HMMR,hsa:9700,hsa:3161,429
BRIP1,POLQ,hsa:83990,hsa:51426,419
BRCA2,BRIP1,hsa:675,hsa:83990,420
BLK,TNFRSF13B,hsa:640,hsa:23495,432
BLK,TNFRSF13C,hsa:640,hsa:115650,406
BLK,CXCR5,hsa:640,hsa:643,506
BLK,CD19,hsa:640,hsa:930,771
BLK,CD79B,hsa:640,hsa:974,650
IL36G,IL36RN,hsa:56300,hsa:26525,622
CCL19,CCL21,hsa:6363,hsa:6366,769
C7,CCL21,hsa:3627,hsa:6366,431
CD19,CD72,hsa:930,hsa:971,530
HCK,TLR2,hsa:3055 hsa:4067,hsa:7097,417
FPR1,TLR2,hsa:2357,hsa:7097,433
TLR2,TYROBP,hsa:7097,hsa:7305,425
CDK1,KIF23,hsa:983,hsa:9493,767
KIF23,RAD51,hsa:9493,hsa:5888,486
DIAPH3,KIF23,hsa:81624,hsa:9493,478
KIF23,MAD2L1,hsa:9493,hsa:4085,458
KIF23,PLK4,hsa:9493,hsa:10733 hsa:10769 hsa:1263 hsa:5347,448
KIF23,TTK,hsa:9493,hsa:7272,536
BIRC5,KIF23,hsa:332,hsa:9493,478
CHEK1,KIF23,hsa:1111,hsa:9493,441
CDC20,KIF23,hsa:991,hsa:9493,418
HMMR,KIF23,hsa:3161,hsa:9493,764
BUB1,KIF23,hsa:699,hsa:9493,780
DTL,KIF23,hsa:10673,hsa:9493,436
GTSE1,KIF23,hsa:51512,hsa:9493,478
CCNB2,KIF23,hsa:9133,hsa:9493,519
KIF23,PLK1,hsa:9493,hsa:5347,419
KIF23,POLQ,hsa:9493,hsa:51426,427
FANCI,KIF23,hsa:55215,hsa:9493,439
CDC25C,KIF23,hsa:995,hsa:9493,422
BUB1B,KIF23,hsa:701,hsa:9493,773
PSMC1,RPS3,hsa:5700,hsa:6188,534
PSMC1,RACK1,hsa:5700,hsa:10399,521
PSMC1,RPS6,hsa:5700,hsa:6194,611
SLC7A1,SLC7A5,hsa:6541,hsa:8140,427
SLC3A2,SLC7A5,hsa:6520,hsa:8140,454
CD19,TNFRSF13B,hsa:930,hsa:23495,451
PKMYT1,RAD51,hsa:9088,hsa:5888,424
E2F1,PKMYT1,hsa:1869,hsa:9088,427
CDCA5,PKMYT1,hsa:113130,hsa:9088,478
CDC25A,PKMYT1,hsa:993 hsa:994 hsa:995,hsa:9088,433
GP6,ITGA2B,hsa:51206,hsa:3674 hsa:3690,436
ITGA2B,ITGB3,hsa:3674 hsa:3690,hsa:3690,611
ITGA2B,MPL,hsa:3674 hsa:3690,hsa:4352,594
ITGAM,TYROBP,hsa:3684,hsa:7305,480
FPR1,TYROBP,hsa:2357,hsa:7305,502
CSF3R,TYROBP,hsa:1441,hsa:7305,450
F13A1,TYROBP,hsa:2162 hsa:2165,hsa:7305,423
FCER1G,TYROBP,hsa:2207,hsa:7305,982
HLA-DMA,TYROBP,hsa:3108 hsa:3109 hsa:3111 hsa:3112 hsa:3113 hsa:3115 hsa:3117 hsa:3118 hsa:3119 hsa:3120 hsa:3122 hsa:3123 hsa:3125 hsa:3126 hsa:3127,hsa:7305,460
ITGB2,TYROBP,hsa:3689,hsa:7305,771
C1QA,TYROBP,hsa:712 hsa:713 hsa:714,hsa:7305,521
FGR,TYROBP,hsa:2268 hsa:3055 hsa:4067 hsa:6714,hsa:7305,577
CD86,TYROBP,hsa:942,hsa:7305,425
CCR1,TYROBP,hsa:1230,hsa:7305,433
HCK,TYROBP,hsa:3055 hsa:4067,hsa:7305,649
PECAM1,TYROBP,hsa:5175,hsa:7305,430
LST1,TYROBP,hsa:10599 hsa:115072896 hsa:28234 hsa:6579,hsa:7305,771
CYBB,TYROBP,hsa:1536 hsa:27035 hsa:50507,hsa:7305,435
ITGAX,TYROBP,hsa:3687 hsa:3689,hsa:7305,413
CSF1R,TYROBP,hsa:1436,hsa:7305,786
C5AR1,TYROBP,hsa:728,hsa:7305,469
CCR5,TYROBP,hsa:1234,hsa:7305,423
C3AR1,TYROBP,hsa:719,hsa:7305,433
TYROBP,VSIG4,hsa:7305,hsa:11326,524
NPLOC4,UFD1,hsa:55666,hsa:7353,433
AFP,TYR,hsa:174,hsa:7299,711
TYR,TYRP1,hsa:7299,hsa:7306,720
DCT,TYR,hsa:1638,hsa:7299,792
IL1A,IL1B,hsa:3552,hsa:3553,711
CCL20,IL1A,hsa:6364,hsa:3552,425
CSF2,IL1A,hsa:1437 hsa:3562 hsa:3567,hsa:3552,487
IL1B,IL6,hsa:3553,hsa:3569,426
IL1B,TNF,hsa:3553,hsa:7124,478
IL1B,PTGS2,hsa:3553,hsa:5743,631
IL1B,TNFAIP3,hsa:3553,hsa:7128,419
CXCL8,IL1B,hsa:3576,hsa:3553,759
CXCL1,IL1B,hsa:2919 hsa:2920 hsa:2921,hsa:3553,477
CDC25C,SGO1,hsa:995,hsa:151648,423
GTSE1,SGO1,hsa:51512,hsa:151648,462
EXOC1,STAM2,hsa:23265,hsa:10254 hsa:8027,542
CDH5,KDR,hsa:1003,hsa:3791,423
PIK3CA,SOS1,hsa:5290 hsa:5291 hsa:5293,hsa:6654 hsa:6655,611
PIK3CA,RASA1,hsa:5290 hsa:5291 hsa:5293,hsa:5921,464
CD19,FCER2,hsa:930,hsa:2208,447
HAT1,PCNA,hsa:8520,hsa:5111,428
HAT1,NAE1,hsa:8520,hsa:8883,423
HAT1,PDCD10,hsa:8520,hsa:11235,465
FANCI,POLQ,hsa:55215,hsa:51426,436
BUB1B,POLQ,hsa:701,hsa:51426,478
CDCA5,POLQ,hsa:113130,hsa:51426,413
BRCA1,POLQ,hsa:672,hsa:51426,434
HMMR,POLQ,hsa:3161,hsa:51426,437
DTL,POLQ,hsa:10673,hsa:51426,418
PLK4,POLQ,hsa:10733 hsa:10769 hsa:1263 hsa:5347,hsa:51426,433
ICAM1,TNFAIP3,hsa:3383,hsa:7128,419
CD3D,ZAP70,hsa:915 hsa:916 hsa:917,hsa:7535,738
CD3E,ZAP70,hsa:916,hsa:7535,628
SH2D1A,ZAP70,hsa:4068,hsa:7535,478
ITK,ZAP70,hsa:3702 hsa:7294,hsa:7535,525
CD247,ZAP70,hsa:919,hsa:7535,777
LAT,ZAP70,hsa:27040 hsa:7462,hsa:7535,461
CD2,ZAP70,hsa:914,hsa:7535,487
CD6,ZAP70,hsa:923,hsa:7535,409
ANK1,ITGAM,hsa:286 hsa:287 hsa:288,hsa:3684,663
PIK3C2A,XIAP,hsa:5286 hsa:5287 hsa:5288 hsa:5290 hsa:5291 hsa:5293 hsa:5294,hsa:331,530
CD27,CD6,hsa:939,hsa:923,420
CD2,CD27,hsa:914,hsa:939,436
CD27,CD48,hsa:939,hsa:962,467
CD27,CD3D,hsa:939,hsa:915 hsa:916 hsa:917,413
FN1,LUM,hsa:2335,hsa:4060,472
PML,STAT6,hsa:5371,hsa:6778,423
NKD1,NOTUM,hsa:85407 hsa:85409,hsa:147111,611
CD86,IRF8,hsa:942,hsa:3394,404
CAPN1,PFKL,hsa:823 hsa:824,hsa:5211 hsa:5213 hsa:5214,424
KEAP1,PFKL,hsa:9817,hsa:5211 hsa:5213 hsa:5214,450
PARK7,SOD1,hsa:11315,hsa:6647,781
CDK1,PLK4,hsa:983,hsa:10733 hsa:10769 hsa:1263 hsa:5347,777
MAD2L1,PLK4,hsa:4085,hsa:10733 hsa:10769 hsa:1263 hsa:5347,496
BIRC5,PLK4,hsa:332,hsa:10733 hsa:10769 hsa:1263 hsa:5347,419
PLK4,TTK,hsa:10733 hsa:10769 hsa:1263 hsa:5347,hsa:7272,729
CHEK1,PLK4,hsa:1111,hsa:10733 hsa:10769 hsa:1263 hsa:5347,594
CDCA5,PLK4,hsa:113130,hsa:10733 hsa:10769 hsa:1263 hsa:5347,475
DTL,PLK4,hsa:10673,hsa:10733 hsa:10769 hsa:1263 hsa:5347,451
BUB1,PLK4,hsa:699,hsa:10733 hsa:10769 hsa:1263 hsa:5347,766
HMMR,PLK4,hsa:3161,hsa:10733 hsa:10769 hsa:1263 hsa:5347,622
CDC20,PLK4,hsa:991,hsa:10733 hsa:10769 hsa:1263 hsa:5347,418
PLK4,SMC2,hsa:10733 hsa:10769 hsa:1263 hsa:5347,hsa:83452,465
CCNB2,PLK4,hsa:9133,hsa:10733 hsa:10769 hsa:1263 hsa:5347,444
BUB1B,PLK4,hsa:701,hsa:10733 hsa:10769 hsa:1263 hsa:5347,502
FANCI,PLK4,hsa:55215,hsa:10733 hsa:10769 hsa:1263 hsa:5347,435
CDC25C,PLK4,hsa:995,hsa:10733 hsa:10769 hsa:1263 hsa:5347,540
FCER1G,FCGR2A,hsa:2207,hsa:2212,431
CYBB,FCGR2A,hsa:1536 hsa:27035 hsa:50507,hsa:2212,425
FCGR2A,FPR1,hsa:2212,hsa:2357,433
RACK1,RPS27A,hsa:10399,hsa:6233 hsa:7311 hsa:7314 hsa:7316,422
EEF1A1,RPS27A,hsa:1915 hsa:1917,hsa:6233 hsa:7311 hsa:7314 hsa:7316,451
RPS27A,RPS6,hsa:6233 hsa:7311 hsa:7314 hsa:7316,hsa:6194,884
RPS27A,RPS3,hsa:6233 hsa:7311 hsa:7314 hsa:7316,hsa:6188,781
SETD7,STIP1,hsa:80854,hsa:10963,429
RASA1,SOS1,hsa:5921,hsa:6654 hsa:6655,436
IL3,IL9,hsa:3562,hsa:3578,468
EGFR,FHL2,hsa:1956 hsa:2260 hsa:3480 hsa:4233 hsa:5156 hsa:5159,hsa:2274,689
CDCA5,CDK1,hsa:113130,hsa:983,638
CDCA5,RAD51,hsa:113130,hsa:5888,433
CDCA5,MAD2L1,hsa:113130,hsa:4085,430
CDCA5,CHEK1,hsa:113130,hsa:1111,535
CDCA5,TTK,hsa:113130,hsa:7272,486
BIRC5,CDCA5,hsa:332,hsa:113130,764
CCNB2,CDCA5,hsa:9133,hsa:113130,771
CDC20,CDCA5,hsa:991,hsa:113130,774
CDCA5,DTL,hsa:113130,hsa:10673,661
CDCA5,HMMR,hsa:113130,hsa:3161,763
BUB1,CDCA5,hsa:699,hsa:113130,765
CDCA5,FANCI,hsa:113130,hsa:55215,470
CDC25C,CDCA5,hsa:995,hsa:113130,429
BUB1B,CDCA5,hsa:701,hsa:113130,538
CDCA5,PLK1,hsa:113130,hsa:5347,418
CDC25A,CDCA5,hsa:993 hsa:994 hsa:995,hsa:113130,478
IFNA1,IFNA13,hsa:3439 hsa:3440 hsa:3441 hsa:3442 hsa:3443 hsa:3444 hsa:3445 hsa:3446 hsa:3447 hsa:3448 hsa:3449 hsa:3451 hsa:3452,hsa:3439 hsa:3440 hsa:3441 hsa:3442 hsa:3443 hsa:3444 hsa:3445 hsa:3446 hsa:3447 hsa:3448 hsa:3449 hsa:3451 hsa:3452,428
SERPING1,SIGLEC1,hsa:710,hsa:6614,428
RPS3,RPS6,hsa:6188,hsa:6194,999
EEF1A1,RPS3,hsa:1915 hsa:1917,hsa:6188,776
RACK1,RPS3,hsa:10399,hsa:6188,786
EEF2,RPS3,hsa:1938,hsa:6188,647
RPS3,RUVBL1,hsa:6188,hsa:8607,508
FCER1A,MS4A2,hsa:2205 hsa:2206 hsa:2207,hsa:2206,481
CSF1R,VSIG4,hsa:1436,hsa:11326,526
CSF1R,CYBB,hsa:1436,hsa:1536 hsa:27035 hsa:50507,478
CSF1R,LST1,hsa:1436,hsa:10599 hsa:115072896 hsa:28234 hsa:6579,425
CSF1R,PECAM1,hsa:1436,hsa:5175,413
CSF1R,HCK,hsa:1436,hsa:3055 hsa:4067,422
C1QA,CSF1R,hsa:712 hsa:713 hsa:714,hsa:1436,629
CSF1R,FCER1G,hsa:1436,hsa:2207,469
CSF1R,ITGB2,hsa:1436,hsa:3689,456
CDK1,SMC2,hsa:983,hsa:83452,628
MAD2L1,SMC2,hsa:4085,hsa:83452,434
HMMR,SMC2,hsa:3161,hsa:83452,538
BUB1B,SMC2,hsa:701,hsa:83452,443
CCL19,CXCL13,hsa:6363,hsa:10563,524
CXCL13,CXCL9,hsa:10563,hsa:4283,427
CER1,NODAL,hsa:9350,hsa:4838,522
BUB1B,CDC25A,hsa:701,hsa:993 hsa:994 hsa:995,407
BUB1B,PLK1,hsa:701,hsa:5347,530
BUB1B,FANCI,hsa:701,hsa:55215,542
BUB1B,CDC25C,hsa:701,hsa:995,515
BUB1B,DTL,hsa:701,hsa:10673,768
BUB1B,HMMR,hsa:701,hsa:3161,782
BUB1,BUB1B,hsa:699,hsa:701,871
BUB1B,CDC20,hsa:701,hsa:991,764
BUB1B,CCNB2,hsa:701,hsa:9133,767
BUB1B,GTSE1,hsa:701,hsa:51512,448
BIRC5,BUB1B,hsa:332,hsa:701,768
BUB1B,TTK,hsa:701,hsa:7272,785
BUB1B,CHEK1,hsa:701,hsa:1111,476
BUB1B,MAD2L1,hsa:701,hsa:4085,611
BUB1B,DIAPH3,hsa:701,hsa:81624,428
BUB1B,RAD51,hsa:701,hsa:5888,521
BUB1B,CDK1,hsa:701,hsa:983,782
FANCD2,FANCI,hsa:2177,hsa:55215,478
GABRA1,HTR5A,hsa:2554 hsa:2555 hsa:2556 hsa:2557 hsa:2558 hsa:2559,hsa:3361,416
GRIN1,HTR5A,hsa:2902 hsa:2904,hsa:3361,425
GRM5,HTR5A,hsa:2915,hsa:3361,413
HTR5A,NTSR2,hsa:3361,hsa:23620 hsa:4923,406
HMGCR,HMGCS1,hsa:3156,hsa:3157 hsa:3158,778
CCNB2,MAD2L1,hsa:9133,hsa:4085,436
CCNB2,CDK1,hsa:9133,hsa:983,793
CCNB2,CDC25C,hsa:9133,hsa:995,764
CCNB2,FANCI,hsa:9133,hsa:55215,426
CCNB2,PLK1,hsa:9133,hsa:5347,488
CCNB2,CKS1B,hsa:9133,hsa:1163 hsa:1164,478
CCNB2,GTSE1,hsa:9133,hsa:51512,512
CCNB2,DTL,hsa:9133,hsa:10673,435
CCNB2,HMMR,hsa:9133,hsa:3161,782
BUB1,CCNB2,hsa:699,hsa:9133,846
CCNB2,CDC20,hsa:9133,hsa:991,874
CCNB2,CHEK1,hsa:9133,hsa:1111,498
BIRC5,CCNB2,hsa:332,hsa:9133,770
CCNB2,TTK,hsa:9133,hsa:7272,773
RALBP1,WIPI2,hsa:10928,hsa:26100 hsa:55062,457
FCER1G,LST1,hsa:2207,hsa:10599 hsa:115072896 hsa:28234 hsa:6579,486
CYBB,FCER1G,hsa:1536 hsa:27035 hsa:50507,hsa:2207,444
C5AR1,FCER1G,hsa:728,hsa:2207,478
C3AR1,FCER1G,hsa:719,hsa:2207,521
FCER1G,FPR1,hsa:2207,hsa:2357,436
FCER1G,ITGAM,hsa:2207,hsa:3684,407
FCER1G,ITGB2,hsa:2207,hsa:3689,508
FCER1G,FGR,hsa:2207,hsa:2268 hsa:3055 hsa:4067 hsa:6714,449
C1QA,FCER1G,hsa:712 hsa:713 hsa:714,hsa:2207,434
FCER1G,HCK,hsa:2207,hsa:3055 hsa:4067,494
CCR1,FCER1G,hsa:1230,hsa:2207,434
ACTB,ACTC1,hsa:60 hsa:71,hsa:70,663
CD19,TNFRSF13C,hsa:930,hsa:115650,407
CD79B,CXCR5,hsa:974,hsa:643,409
CD19,CXCR5,hsa:930,hsa:643,437
CCR5,CD2,hsa:1234,hsa:914,409
CCR1,CCR5,hsa:1230,hsa:1234,402
ALYREF,PSME3,hsa:10189,hsa:10197 hsa:5720 hsa:5721,506
PSME3,SRSF3,hsa:10197 hsa:5720 hsa:5721,hsa:6428 hsa:6432,429
HNRNPK,PSME3,hsa:3190,hsa:10197 hsa:5720 hsa:5721,643
ELAVL1,PSME3,hsa:1994,hsa:10197 hsa:5720 hsa:5721,534
ARPC5,RHOA,hsa:10092 hsa:10093 hsa:10094 hsa:10095 hsa:10096 hsa:10097 hsa:10109 hsa:10552 hsa:57180 hsa:653857 hsa:81873,hsa:387 hsa:998,420
ARPC5,CAP1,hsa:10092 hsa:10093 hsa:10094 hsa:10095 hsa:10096 hsa:10097 hsa:10109 hsa:10552 hsa:57180 hsa:653857 hsa:81873,hsa:7187 hsa:7188,422
CXCR1,TNFRSF10C,hsa:3577,hsa:8794,446
CXCR1,FPR2,hsa:3577,hsa:2358 hsa:2359,456
CXCR1,CXCR2,hsa:3577,hsa:3579,771
CSF3R,CXCR1,hsa:1441,hsa:3577,435
PF4,PPBP,hsa:5196 hsa:5197,hsa:5473,808
CCR1,TLR4,hsa:1230,hsa:7099,425
CCR1,CYBB,hsa:1230,hsa:1536 hsa:27035 hsa:50507,450
C3AR1,CCR1,hsa:719,hsa:1230,481
MAD2L1,PCNA,hsa:4085,hsa:5111,467
CKS1B,MAD2L1,hsa:1163 hsa:1164,hsa:4085,437
HMMR,MAD2L1,hsa:3161,hsa:4085,650
BUB1,MAD2L1,hsa:699,hsa:4085,780
DTL,MAD2L1,hsa:10673,hsa:4085,423
CDC20,MAD2L1,hsa:991,hsa:4085,411
BIRC5,MAD2L1,hsa:332,hsa:4085,508
MAD2L1,TTK,hsa:4085,hsa:7272,689
CHEK1,MAD2L1,hsa:1111,hsa:4085,769
CDK1,MAD2L1,hsa:983,hsa:4085,784
HSPA9,HSPD1,hsa:3313,hsa:3329,771
CLEC4E,FPR2,hsa:26253,hsa:2358 hsa:2359,441
GALR1,OPRM1,hsa:2587 hsa:8484 hsa:8811,hsa:4988,442
BUB1,PLK1,hsa:699,hsa:5347,436
HMMR,PLK1,hsa:3161,hsa:5347,459
CDC20,PLK1,hsa:991,hsa:5347,772
GTSE1,PLK1,hsa:51512,hsa:5347,623
BIRC5,PLK1,hsa:332,hsa:5347,765
CDC25C,PLK1,hsa:995,hsa:5347,611
CDK1,PLK1,hsa:983,hsa:5347,457
CD3D,ICOS,hsa:915 hsa:916 hsa:917,hsa:29851,624
CD3D,CD6,hsa:915 hsa:916 hsa:917,hsa:923,618
CD2,CD3D,hsa:914,hsa:915 hsa:916 hsa:917,781
CD3D,CD8A,hsa:915 hsa:916 hsa:917,hsa:925 hsa:926 hsa:927,515
CD3D,ITK,hsa:915 hsa:916 hsa:917,hsa:3702 hsa:7294,769
CD247,CD3D,hsa:919,hsa:915 hsa:916 hsa:917,777
CD3D,LAT,hsa:915 hsa:916 hsa:917,hsa:27040 hsa:7462,414
CD3D,CD48,hsa:915 hsa:916 hsa:917,hsa:962,435
CD3D,SH2D1A,hsa:915 hsa:916 hsa:917,hsa:4068,774
CD3D,CD3E,hsa:915 hsa:916 hsa:917,hsa:916,859
BIRC5,CDC20,hsa:332,hsa:991,773
BIRC5,DTL,hsa:332,hsa:10673,477
BIRC5,BUB1,hsa:332,hsa:699,630
BIRC5,HMMR,hsa:332,hsa:3161,778
BIRC5,GTSE1,hsa:332,hsa:51512,700
BIRC5,TTK,hsa:332,hsa:7272,474
BIRC5,CHEK1,hsa:332,hsa:1111,476
BIRC5,CDC25C,hsa:332,hsa:995,478
BIRC5,FANCI,hsa:332,hsa:55215,416
BIRC5,CDK1,hsa:332,hsa:983,776
BIRC5,RAD51,hsa:332,hsa:5888,512
BUB1,CDC25C,hsa:699,hsa:995,773
BUB1,FANCI,hsa:699,hsa:55215,530
BUB1,TTK,hsa:699,hsa:7272,977
BUB1,CHEK1,hsa:699,hsa:1111,779
BUB1,CDC20,hsa:699,hsa:991,770
BUB1,DTL,hsa:699,hsa:10673,779
BUB1,HMMR,hsa:699,hsa:3161,803
BUB1,GTSE1,hsa:699,hsa:51512,484
BUB1,DIAPH3,hsa:699,hsa:81624,430
BUB1,CDK1,hsa:699,hsa:983,824
BUB1,RAD51,hsa:699,hsa:5888,530
HSPA4,RACK1,hsa:3308,hsa:10399,418
MAG,NTSR2,hsa:4099,hsa:23620 hsa:4923,433
CDC25A,CHEK1,hsa:993 hsa:994 hsa:995,hsa:1111,466
CDC25A,DTL,hsa:993 hsa:994 hsa:995,hsa:10673,638
ACACA,FASN,hsa:31 hsa:32,hsa:2194,419
FASN,SCD,hsa:2194,hsa:6319 hsa:79966,447
CXCL10,RSAD2,hsa:3627,hsa:91543,432
CCL8,CXCL10,hsa:6355,hsa:3627,634
CXCL10,TAP1,hsa:3627,hsa:6890 hsa:6891,425
CXCL10,IFIH1,hsa:3627,hsa:64135,478
CXCL10,STAT1,hsa:3627,hsa:6772 hsa:6773 hsa:6775 hsa:6776 hsa:6777 hsa:6778,518
CXCL10,CXCL9,hsa:3627,hsa:4283,806
CXCL10,CXCL11,hsa:3627,hsa:6373,812
CD247,IL7R,hsa:919,hsa:3575,411
IL7R,ITK,hsa:3575,hsa:3702 hsa:7294,497
CD2,IL7R,hsa:914,hsa:3575,496
FOS,KLF4,hsa:2353 hsa:3725 hsa:6667,hsa:9314,437
FOS,JUN,hsa:2353 hsa:3725 hsa:6667,hsa:3725 hsa:5599 hsa:5601 hsa:5602,625
FOS,NR4A1,hsa:2353 hsa:3725 hsa:6667,hsa:3164,429
CCL20,CXCL8,hsa:6364,hsa:3576,478
CXCL8,PTGS2,hsa:3576,hsa:5743,764
CXCL8,TNFAIP3,hsa:3576,hsa:7128,490
CXCL1,CXCL8,hsa:2919 hsa:2920 hsa:2921,hsa:3576,782
CXCL8,IL6,hsa:3576,hsa:3569,418
CCL8,CXCL11,hsa:6355,hsa:6373,432
CXCL11,CXCL9,hsa:6373,hsa:4283,780
CXCL11,STAT1,hsa:6373,hsa:6772 hsa:6773 hsa:6775 hsa:6776 hsa:6777 hsa:6778,406
EEF1A1,EEF2,hsa:1915 hsa:1917,hsa:1938,500
EEF2,RPS6,hsa:1938,hsa:6194,435
EEF2,RACK1,hsa:1938,hsa:10399,772
EEF2,ELAVL1,hsa:1938,hsa:1994,430
EEF2,HNRNPK,hsa:1938,hsa:3190,433
EEF2,EIF4B,hsa:1938,hsa:1975,431
EEF2,RUVBL1,hsa:1938,hsa:8607,431
LEMD3,MIOS,hsa:23592,hsa:54468 hsa:6396 hsa:79726 hsa:81929 hsa:84219,533
F2,FGA,hsa:8458,hsa:2243 hsa:2244 hsa:2266,764
APOA2,F2,hsa:336,hsa:8458,654
F2,SERPINC1,hsa:8458,hsa:462 hsa:5104,766
AFP,F2,hsa:174,hsa:8458,626
APOA5,F2,hsa:116519,hsa:8458,419
CCL19,CXCL9,hsa:6363,hsa:4283,441
C7,CCL19,hsa:3627,hsa:6363,404
PLG,SERPINC1,hsa:5340,hsa:462 hsa:5104,433
FANCI,HMMR,hsa:55215,hsa:3161,463
DTL,FANCI,hsa:10673,hsa:55215,632
CDC20,FANCI,hsa:991,hsa:55215,422
BRCA1,FANCI,hsa:672,hsa:55215,478
CHEK1,FANCI,hsa:1111,hsa:55215,445
CDK1,FANCI,hsa:983,hsa:55215,665
MAPK7,SUFU,hsa:5598,hsa:51684,437
CDK1,CKS1B,hsa:983,hsa:1163 hsa:1164,448
CFLAR,SOD2,hsa:8837,hsa:6648,530
ADIPOQ,LEP,hsa:9370,hsa:3952,663
CD19,CD79B,hsa:930,hsa:974,769
CD19,MAP4K1,hsa:930,hsa:11184,419
BANK1,CD19,hsa:55024,hsa:930,478
STAT1,STAT2,hsa:6772 hsa:6773 hsa:6775 hsa:6776 hsa:6777 hsa:6778,hsa:6773 hsa:6775 hsa:6778,636
TLN1,ZYX,hsa:7094 hsa:83660,hsa:7791,546
EEF1A1,RUVBL1,hsa:1915 hsa:1917,hsa:8607,431
ELAVL1,RUVBL1,hsa:1994,hsa:8607,461
RACK1,RUVBL1,hsa:10399,hsa:8607,544
HNRNPK,RUVBL1,hsa:3190,hsa:8607,435
ICOS,ITK,hsa:29851,hsa:3702 hsa:7294,766
CD247,ICOS,hsa:919,hsa:29851,433
CD2,ICOS,hsa:914,hsa:29851,764
ICOS,SH2D1A,hsa:29851,hsa:4068,542
CTLA4,ICOS,hsa:1493,hsa:29851,775
CD40LG,ICOS,hsa:959,hsa:29851,430
CD6,ICOS,hsa:923,hsa:29851,440
CD28,ICOS,hsa:940,hsa:29851,514
CXCR2,TNFRSF10C,hsa:3579,hsa:8794,450
DUOX2,DUOXA2,hsa:50506 hsa:53905,hsa:405753,774
CDC20,CDC25C,hsa:991,hsa:995,534
CDC25C,HMMR,hsa:995,hsa:3161,635
CDC25C,GTSE1,hsa:995,hsa:51512,534
CDC25C,TTK,hsa:995,hsa:7272,640
CDC25C,CDK1,hsa:995,hsa:983,763
CD2,CD6,hsa:914,hsa:923,689
CD247,CD6,hsa:919,hsa:923,768
CD6,ITK,hsa:923,hsa:3702 hsa:7294,777
CD28,CD6,hsa:940,hsa:923,429
CD40LG,CD6,hsa:959,hsa:923,402
CD3E,CD6,hsa:916,hsa:923,626
CD6,SH2D1A,hsa:923,hsa:4068,496
CD6,LTB,hsa:923,hsa:4050,419
PTPRZ1,SOX2,hsa:5803,hsa:6657,407
GSK3B,MAP2K4,hsa:2932,hsa:6416,437
CD28,ITK,hsa:940,hsa:3702 hsa:7294,434
CD28,SH2D1A,hsa:940,hsa:4068,424
KIR2DL1,KIR3DL2,hsa:100132285 hsa:3806 hsa:3808 hsa:3809 hsa:3810,hsa:3812,777
KIR3DL1,KIR3DL2,hsa:3811,hsa:3812,778
KIR2DL3,KIR3DL2,hsa:3802 hsa:3803 hsa:3804 hsa:3805 hsa:57292,hsa:3812,781
NFKBIZ,TNFAIP3,hsa:64332,hsa:7128,459
IFNL1,IFNL2,hsa:282618,hsa:282616 hsa:282617 hsa:282618 hsa:338376 hsa:3439 hsa:3440 hsa:3441 hsa:3442 hsa:3443 hsa:3444 hsa:3445 hsa:3446 hsa:3447 hsa:3448 hsa:3449 hsa:3451 hsa:3452 hsa:3456 hsa:3467 hsa:56832,776
IFNB1,IFNL1,hsa:3456,hsa:282618,633
CER1,GDF3,hsa:9350,hsa:9573,472
CD86,CYBB,hsa:942,hsa:1536 hsa:27035 hsa:50507,478
EXOC7,VPS39,hsa:23265,hsa:23339 hsa:27072 hsa:55823 hsa:57617 hsa:64601 hsa:65082,512
CDH5,PTPRB,hsa:1003,hsa:5787,414
HSP90AA1,HSPD1,hsa:3320 hsa:3326 hsa:7184,hsa:3329,459
HSP90AA1,STIP1,hsa:3320 hsa:3326 hsa:7184,hsa:10963,533
KIR2DL1,KIR3DL1,hsa:100132285 hsa:3806 hsa:3808 hsa:3809 hsa:3810,hsa:3811,807
KIR2DL1,KIR2DL3,hsa:100132285 hsa:3806 hsa:3808 hsa:3809 hsa:3810,hsa:3802 hsa:3803 hsa:3804 hsa:3805 hsa:57292,999
IL17F,IL22,hsa:112744 hsa:3605,hsa:50616,514
EEF1A1,UBC,hsa:1915 hsa:1917,hsa:7316,435
EEF1A1,RPS6,hsa:1915 hsa:1917,hsa:6194,634
ACTB,EEF1A1,hsa:60 hsa:71,hsa:1915 hsa:1917,429
EEF1A1,RACK1,hsa:1915 hsa:1917,hsa:10399,784
HSPD1,VDAC1,hsa:3329,hsa:7416,515
C1QA,SIGLEC1,hsa:712 hsa:713 hsa:714,hsa:6614,538
RSAD2,SIGLEC1,hsa:91543,hsa:6614,438
SIGLEC1,VSIG4,hsa:6614,hsa:11326,425
ADIPOR1,BCL2L1,hsa:51094 hsa:79602,hsa:598,435
KIR2DL3,KIR3DL1,hsa:3802 hsa:3803 hsa:3804 hsa:3805 hsa:57292,hsa:3811,977
HTT,PDPK1,hsa:3064,hsa:5170,436
ISG15,TAP1,hsa:9636,hsa:6890 hsa:6891,429
IRF9,TAP1,hsa:10379,hsa:6890 hsa:6891,432
MX1,TAP1,hsa:4599 hsa:4600,hsa:6890 hsa:6891,431
STAT1,TAP1,hsa:6772 hsa:6773 hsa:6775 hsa:6776 hsa:6777 hsa:6778,hsa:6890 hsa:6891,776
HLA-B,TAP1,hsa:3106,hsa:6890 hsa:6891,635
RIGI,TAP1,hsa:23586,hsa:6890 hsa:6891,431
HLA-A,TAP1,hsa:3105 hsa:3106 hsa:3107 hsa:3108 hsa:3109 hsa:3111 hsa:3112 hsa:3113 hsa:3115 hsa:3117 hsa:3118 hsa:3119 hsa:3120 hsa:3122 hsa:3123 hsa:3125 hsa:3126 hsa:3127 hsa:3133 hsa:3134 hsa:3135,hsa:6890 hsa:6891,485
HLA-E,TAP1,hsa:3133,hsa:6890 hsa:6891,465
IFIH1,TAP1,hsa:64135,hsa:6890 hsa:6891,479
HTT,MTOR,hsa:3064,hsa:2475 hsa:57521 hsa:84335,445
C5AR1,ITGAX,hsa:728,hsa:3687 hsa:3689,428
C5AR1,CSF3R,hsa:728,hsa:1441,429
C5AR1,FGR,hsa:728,hsa:2268 hsa:3055 hsa:4067 hsa:6714,440
DVL1,SREBF1,hsa:1855 hsa:1856 hsa:1857,hsa:6720,482
HP,HPR,hsa:3250,hsa:3250,906
ATP2A1,TNNC2,hsa:487 hsa:488 hsa:489,hsa:7125 hsa:7134,429
CD2,STAT4,hsa:914,hsa:6775,420
UBL5,UQCR11,hsa:5300,hsa:10975 hsa:1537 hsa:27089 hsa:29796 hsa:440567 hsa:4519 hsa:7381 hsa:7384 hsa:7385 hsa:7386 hsa:7388,474
CCL20,TNFAIP3,hsa:6364,hsa:7128,478
CCL20,CXCL1,hsa:6364,hsa:2919 hsa:2920 hsa:2921,521
HNRNPK,VCP,hsa:3190,hsa:7415,538
IFIH1,STAT1,hsa:64135,hsa:6772 hsa:6773 hsa:6775 hsa:6776 hsa:6777 hsa:6778,769
RSAD2,STAT1,hsa:91543,hsa:6772 hsa:6773 hsa:6775 hsa:6776 hsa:6777 hsa:6778,618
IFIT1,STAT1,hsa:3434 hsa:439996,hsa:6772 hsa:6773 hsa:6775 hsa:6776 hsa:6777 hsa:6778,485
RIGI,STAT1,hsa:23586,hsa:6772 hsa:6773 hsa:6775 hsa:6776 hsa:6777 hsa:6778,647
IRF7,STAT1,hsa:3665,hsa:6772 hsa:6773 hsa:6775 hsa:6776 hsa:6777 hsa:6778,418
OAS1,STAT1,hsa:4938 hsa:4939 hsa:4940,hsa:6772 hsa:6773 hsa:6775 hsa:6776 hsa:6777 hsa:6778,654
MX1,STAT1,hsa:4599 hsa:4600,hsa:6772 hsa:6773 hsa:6775 hsa:6776 hsa:6777 hsa:6778,528
ADAR,STAT1,hsa:103,hsa:6772 hsa:6773 hsa:6775 hsa:6776 hsa:6777 hsa:6778,418
IRF9,STAT1,hsa:10379,hsa:6772 hsa:6773 hsa:6775 hsa:6776 hsa:6777 hsa:6778,542
ISG15,STAT1,hsa:9636,hsa:6772 hsa:6773 hsa:6775 hsa:6776 hsa:6777 hsa:6778,627
CD3E,IL2RG,hsa:916,hsa:3561,434
CD247,CD3E,hsa:919,hsa:916,629
CD3E,ITK,hsa:916,hsa:3702 hsa:7294,527
CD3E,CD8A,hsa:916,hsa:925 hsa:926 hsa:927,420
CD2,CD3E,hsa:914,hsa:916,780
CD247,CD8A,hsa:919,hsa:925 hsa:926 hsa:927,488
CD247,ITK,hsa:919,hsa:3702 hsa:7294,777
CD247,SH2D1A,hsa:919,hsa:4068,627
CD2,CD247,hsa:914,hsa:919,780
CDK1,DTL,hsa:983,hsa:10673,774
DTL,RAD51,hsa:10673,hsa:5888,628
DTL,PCNA,hsa:10673,hsa:5111,438
CDC20,DTL,hsa:991,hsa:10673,435
BRCA1,DTL,hsa:672,hsa:10673,414
DTL,HMMR,hsa:10673,hsa:3161,622
CHEK1,DTL,hsa:1111,hsa:10673,626
DTL,TTK,hsa:10673,hsa:7272,742
IL6,PTGS2,hsa:3569,hsa:5743,425
CXCL1,PTGS2,hsa:2919 hsa:2920 hsa:2921,hsa:5743,468
FGA,SERPINC1,hsa:2243 hsa:2244 hsa:2266,hsa:462 hsa:5104,437
APOA2,SERPINC1,hsa:336,hsa:462 hsa:5104,457
CXCR6,FASLG,hsa:10663,hsa:356,647
CCN1,CCN2,hsa:890 hsa:8900,hsa:1490,782
APOA2,FGA,hsa:336,hsa:2243 hsa:2244 hsa:2266,435
APOA2,TF,hsa:336,hsa:7018,419
AFP,APOA2,hsa:174,hsa:336,781
ADAR,MX1,hsa:103,hsa:4599 hsa:4600,475
CASP1,CTSS,hsa:834,hsa:1520,414
H3C14,H3C15,hsa:126961 hsa:3020 hsa:3021 hsa:333932 hsa:340096 hsa:391769 hsa:440093 hsa:440686 hsa:653604 hsa:8290 hsa:8350 hsa:8351 hsa:8352 hsa:8353 hsa:8354 hsa:8355 hsa:8356 hsa:8357 hsa:8358 hsa:8968,hsa:126961 hsa:3020 hsa:3021 hsa:333932 hsa:340096 hsa:391769 hsa:440093 hsa:440686 hsa:653604 hsa:8290 hsa:8350 hsa:8351 hsa:8352 hsa:8353 hsa:8354 hsa:8355 hsa:8356 hsa:8357 hsa:8358 hsa:8968,819
CD2,CD48,hsa:914,hsa:962,459
CD2,SH2D1A,hsa:914,hsa:4068,510
CD2,CD8A,hsa:914,hsa:925 hsa:926 hsa:927,780
CD2,ITK,hsa:914,hsa:3702 hsa:7294,777
ATP6AP1,BCAP31,hsa:537,hsa:10134 hsa:115253422 hsa:55973,440
CHEK1,TTK,hsa:1111,hsa:7272,478
CDC20,TTK,hsa:991,hsa:7272,769
HMMR,TTK,hsa:3161,hsa:7272,782
CDK1,TTK,hsa:983,hsa:7272,780
DIAPH3,TTK,hsa:81624,hsa:7272,429
RPF1,SNW1,hsa:4734,hsa:22938,407
CD48,SH2D1A,hsa:962,hsa:4068,402
CXCR6,SH2D1A,hsa:10663,hsa:4068,428
CD8A,SH2D1A,hsa:925 hsa:926 hsa:927,hsa:4068,430
ITK,SH2D1A,hsa:3702 hsa:7294,hsa:4068,630
GRIN1,HPCA,hsa:2902 hsa:2904,hsa:773 hsa:774 hsa:775 hsa:776 hsa:778 hsa:779,414
IFIT1,RSAD2,hsa:3434 hsa:439996,hsa:91543,782
IFIH1,IFIT1,hsa:64135,hsa:3434 hsa:439996,769
IFIT1,IRF7,hsa:3434 hsa:439996,hsa:3665,620
IFIT1,RIGI,hsa:3434 hsa:439996,hsa:23586,780
IFIT1,IRF9,hsa:3434 hsa:439996,hsa:10379,469
IFIT1,MX1,hsa:3434 hsa:439996,hsa:4599 hsa:4600,781
IFIT1,OAS1,hsa:3434 hsa:439996,hsa:4938 hsa:4939 hsa:4940,777
IFIT1,ISG15,hsa:3434 hsa:439996,hsa:9636,784
CDC20,GTSE1,hsa:991,hsa:51512,525
CDC20,HMMR,hsa:991,hsa:3161,777
CDC20,CHEK1,hsa:991,hsa:1111,436
CDC20,CDK1,hsa:991,hsa:983,770
CAP1,MYL12B,hsa:7187 hsa:7188,hsa:103910 hsa:10627,643
CSF3R,LST1,hsa:1441,hsa:10599 hsa:115072896 hsa:28234 hsa:6579,444
CSF3R,FPR1,hsa:1441,hsa:2357,463
ENO1,PGK1,hsa:2023 hsa:2026 hsa:2027,hsa:5230 hsa:5232,446
ELAVL1,SRSF3,hsa:1994,hsa:6428 hsa:6432,663
DDX3X,SRSF3,hsa:1654,hsa:6428 hsa:6432,484
HNRNPK,SRSF3,hsa:3190,hsa:6428 hsa:6432,768
ALYREF,SRSF3,hsa:10189,hsa:6428 hsa:6432,689
FPR2,TLR4,hsa:2358 hsa:2359,hsa:7099,428
FGR,HCK,hsa:2268 hsa:3055 hsa:4067 hsa:6714,hsa:3055 hsa:4067,623
FGR,ITGAM,hsa:2268 hsa:3055 hsa:4067 hsa:6714,hsa:3684,512
FGR,ITGB2,hsa:2268 hsa:3055 hsa:4067 hsa:6714,hsa:3689,478
FGR,LST1,hsa:2268 hsa:3055 hsa:4067 hsa:6714,hsa:10599 hsa:115072896 hsa:28234 hsa:6579,414
FGR,ITGAX,hsa:2268 hsa:3055 hsa:4067 hsa:6714,hsa:3687 hsa:3689,458
C1QA,VSIG4,hsa:712 hsa:713 hsa:714,hsa:11326,925
HLA-DMA,HLA-DQB1,hsa:3108 hsa:3109 hsa:3111 hsa:3112 hsa:3113 hsa:3115 hsa:3117 hsa:3118 hsa:3119 hsa:3120 hsa:3122 hsa:3123 hsa:3125 hsa:3126 hsa:3127,hsa:2775 hsa:2776,475
CIITA,HLA-DMA,hsa:4261,hsa:3108 hsa:3109 hsa:3111 hsa:3112 hsa:3113 hsa:3115 hsa:3117 hsa:3118 hsa:3119 hsa:3120 hsa:3122 hsa:3123 hsa:3125 hsa:3126 hsa:3127,425
MAD1L1,ZBTB17,hsa:8379,hsa:7709,465
PIP5K1C,PLEKHM2,hsa:23396 hsa:8394 hsa:8395,hsa:23207,532
HCK,ITGAM,hsa:3055 hsa:4067,hsa:3684,422
HCK,ITGB2,hsa:3055 hsa:4067,hsa:3689,443
CYBB,HCK,hsa:1536 hsa:27035 hsa:50507,hsa:3055 hsa:4067,413
FPR1,LST1,hsa:2357,hsa:10599 hsa:115072896 hsa:28234 hsa:6579,436
HLA-C,HLA-G,hsa:3107,hsa:3135,440
HLA-A,HLA-C,hsa:3105 hsa:3106 hsa:3107 hsa:3108 hsa:3109 hsa:3111 hsa:3112 hsa:3113 hsa:3115 hsa:3117 hsa:3118 hsa:3119 hsa:3120 hsa:3122 hsa:3123 hsa:3125 hsa:3126 hsa:3127 hsa:3133 hsa:3134 hsa:3135,hsa:3107,772
HLA-B,HLA-C,hsa:3106,hsa:3107,782
HLA-C,HLA-E,hsa:3107,hsa:3133,437
B2M,HLA-C,hsa:567,hsa:3107,428
ELAVL1,HNRNPK,hsa:1994,hsa:3190,663
CFL1,HNRNPK,hsa:1072 hsa:1073,hsa:3190,443
ALYREF,HNRNPK,hsa:10189,hsa:3190,733
B2M,HLA-E,hsa:567,hsa:3133,631
HLA-A,HLA-E,hsa:3105 hsa:3106 hsa:3107 hsa:3108 hsa:3109 hsa:3111 hsa:3112 hsa:3113 hsa:3115 hsa:3117 hsa:3118 hsa:3119 hsa:3120 hsa:3122 hsa:3123 hsa:3125 hsa:3126 hsa:3127 hsa:3133 hsa:3134 hsa:3135,hsa:3133,783
HLA-E,HLA-G,hsa:3133,hsa:3135,424
HLA-B,HLA-E,hsa:3106,hsa:3133,782
HLA-A,HLA-G,hsa:3105 hsa:3106 hsa:3107 hsa:3108 hsa:3109 hsa:3111 hsa:3112 hsa:3113 hsa:3115 hsa:3117 hsa:3118 hsa:3119 hsa:3120 hsa:3122 hsa:3123 hsa:3125 hsa:3126 hsa:3127 hsa:3133 hsa:3134 hsa:3135,hsa:3135,526
HLA-B,HLA-G,hsa:3106,hsa:3135,668
CCL7,CCL8,hsa:6354,hsa:6355,483
CYBB,ITGB2,hsa:1536 hsa:27035 hsa:50507,hsa:3689,413
CYBB,ITGAM,hsa:1536 hsa:27035 hsa:50507,hsa:3684,478
BTK,CYBB,hsa:695 hsa:7006,hsa:1536 hsa:27035 hsa:50507,449
FANCA,FANCG,hsa:2175,hsa:2189,625
CDK1,PCNA,hsa:983,hsa:5111,497
DSP,PERP,hsa:1834,hsa:64065,430
MX1,RIGI,hsa:4599 hsa:4600,hsa:23586,764
OAS1,RIGI,hsa:4938 hsa:4939 hsa:4940,hsa:23586,773
IRF9,RIGI,hsa:10379,hsa:23586,431
ISG15,RIGI,hsa:9636,hsa:23586,766
IFIH1,RIGI,hsa:64135,hsa:23586,779
RIGI,RSAD2,hsa:23586,hsa:91543,777
IRF7,RIGI,hsa:3665,hsa:23586,613
RACK1,RPS6,hsa:10399,hsa:6194,776
CD274,PDCD1LG2,hsa:29126,hsa:80380,422
IRF7,RSAD2,hsa:3665,hsa:91543,650
ISG15,RSAD2,hsa:9636,hsa:91543,777
IRF9,RSAD2,hsa:10379,hsa:91543,425
MX1,RSAD2,hsa:4599 hsa:4600,hsa:91543,777
OAS1,RSAD2,hsa:4938 hsa:4939 hsa:4940,hsa:91543,779
IFIH1,RSAD2,hsa:64135,hsa:91543,777
CHRM5,OPRM1,hsa:1133,hsa:4988,439
DCT,TYRP1,hsa:1638,hsa:7306,427
MAP3K4,SOS1,hsa:4216,hsa:6654 hsa:6655,457
CASP4,CASP5,hsa:837 hsa:838,hsa:838,463
CDK1,HMMR,hsa:983,hsa:3161,816
CHEK1,HMMR,hsa:1111,hsa:3161,530
AFP,GPC3,hsa:174,hsa:2719,463
CDK1,DIAPH3,hsa:983,hsa:81624,417
CDK1,RAD51,hsa:983,hsa:5888,437
CDK1,GTSE1,hsa:983,hsa:51512,490
CDK1,CHEK1,hsa:983,hsa:1111,772
CXCL1,IL6,hsa:2919 hsa:2920 hsa:2921,hsa:3569,450
AFP,FGA,hsa:174,hsa:2243 hsa:2244 hsa:2266,411
HLA-A,HLA-B,hsa:3105 hsa:3106 hsa:3107 hsa:3108 hsa:3109 hsa:3111 hsa:3112 hsa:3113 hsa:3115 hsa:3117 hsa:3118 hsa:3119 hsa:3120 hsa:3122 hsa:3123 hsa:3125 hsa:3126 hsa:3127 hsa:3133 hsa:3134 hsa:3135,hsa:3106,999
B2M,HLA-A,hsa:567,hsa:3105 hsa:3106 hsa:3107 hsa:3108 hsa:3109 hsa:3111 hsa:3112 hsa:3113 hsa:3115 hsa:3117 hsa:3118 hsa:3119 hsa:3120 hsa:3122 hsa:3123 hsa:3125 hsa:3126 hsa:3127 hsa:3133 hsa:3134 hsa:3135,742
ENO1,GAPDH,hsa:2023 hsa:2026 hsa:2027,hsa:2597,780
ALDOA,GAPDH,hsa:226 hsa:229 hsa:230,hsa:2597,780
GAPDH,RHOA,hsa:2597,hsa:387 hsa:998,455
ACTB,GAPDH,hsa:60 hsa:71,hsa:2597,506
IRF9,MX1,hsa:10379,hsa:4599 hsa:4600,768
IRF9,OAS1,hsa:10379,hsa:4938 hsa:4939 hsa:4940,628
IRF9,ISG15,hsa:10379,hsa:9636,546
IFIH1,IRF9,hsa:64135,hsa:10379,517
IRF7,IRF9,hsa:3665,hsa:10379,490
IFIH1,IRF7,hsa:64135,hsa:3665,477
IRF7,OAS1,hsa:3665,hsa:4938 hsa:4939 hsa:4940,774
IRF7,MX1,hsa:3665,hsa:4599 hsa:4600,742
IRF7,ISG15,hsa:3665,hsa:9636,774
ITGB2,PTPRC,hsa:3689,hsa:5788,404
ITGAM,ITGB2,hsa:3684,hsa:3689,537
ISG15,MX1,hsa:9636,hsa:4599 hsa:4600,782
MX1,OAS1,hsa:4599 hsa:4600,hsa:4938 hsa:4939 hsa:4940,778
IFIH1,MX1,hsa:64135,hsa:4599 hsa:4600,764
PPP1R12A,ROCK1,hsa:4659 hsa:4660 hsa:54776 hsa:5499 hsa:5500 hsa:5501,hsa:6093,773
DIAPH3,GTSE1,hsa:81624,hsa:51512,411
BTK,CSF2RB,hsa:695 hsa:7006,hsa:1439 hsa:149233 hsa:2057 hsa:3454 hsa:3455 hsa:3459 hsa:3460 hsa:3559 hsa:3560 hsa:3561 hsa:3563 hsa:3566 hsa:3568 hsa:3570 hsa:3572 hsa:3575 hsa:3594 hsa:3595 hsa:3597 hsa:3601,422
ALYREF,ELAVL1,hsa:10189,hsa:1994,663
ELAVL1,RACK1,hsa:1994,hsa:10399,418
PDIA4,PDIA6,hsa:9601,hsa:10130 hsa:10961 hsa:5034 hsa:81567 hsa:9601,432
MYH6,MYL3,hsa:4624 hsa:4625 hsa:4633 hsa:4634 hsa:4635,hsa:4634,425
CD8A,ITK,hsa:925 hsa:926 hsa:927,hsa:3702 hsa:7294,448
ISG15,OAS1,hsa:9636,hsa:4938 hsa:4939 hsa:4940,777
IFIH1,OAS1,hsa:64135,hsa:4938 hsa:4939 hsa:4940,770
CASP1,CASP4,hsa:834,hsa:837 hsa:838,534
CHEK1,RAD51,hsa:1111,hsa:5888,525
TNF,TNFAIP3,hsa:7124,hsa:7128,419
B2M,HLA-B,hsa:567,hsa:3106,763
ACTB,RHOA,hsa:60 hsa:71,hsa:387 hsa:998,404
GNA13,SCYL2,hsa:10672 hsa:2768 hsa:2770 hsa:2771 hsa:2773 hsa:2775 hsa:2778 hsa:2781,hsa:6358,445
CD48,PTPRC,hsa:962,hsa:5788,425
ATXN1L,SEC24B,hsa:342371 hsa:6310,hsa:10427 hsa:10483 hsa:10484 hsa:10802 hsa:9632 hsa:9871,436
AMBRA1,ATXN1L,hsa:55626,hsa:342371 hsa:6310,527
BRCA1,RAD51,hsa:672,hsa:5888,477
IKBKB,TYK2,hsa:3551,hsa:7297,479
CD48,SLAMF1,hsa:962,hsa:6504,490
ACTB,UBC,hsa:60 hsa:71,hsa:7316,527
APOA5,FGA,hsa:116519,hsa:2243 hsa:2244 hsa:2266,406
EMP3,VIM,hsa:2014,hsa:7431,434
FPR1,FPR2,hsa:2357,hsa:2358 hsa:2359,766
IFIH1,ISG15,hsa:64135,hsa:9636,767
